Date,OpeningTrend,OpenLocation,PrevDayContext,Result,ResultRet%
2023-08-21 00:00:00+05:30,BEAR,,,BEAR,-5.0
2023-08-22 00:00:00+05:30,TR,OBR,BEAR,TR,0.0
2023-08-23 00:00:00+05:30,TR,OBR,TR,TR,0.0
2023-08-24 00:00:00+05:30,TR,OBR,TR,TR,0.0
2023-08-25 00:00:00+05:30,TR,OBR,TR,BULL,5.054
2023-08-28 00:00:00+05:30,BULL,OIM,BULL,BEAR,-1.522
2023-08-29 00:00:00+05:30,BULL,OIM,TR,BULL,0.721
2023-08-30 00:00:00+05:30,BULL,OAR,BULL,TR,0.0
2023-08-31 00:00:00+05:30,BULL,OAR,BULL,BEAR,-4.469
2023-09-01 00:00:00+05:30,BULL,OIM,TR,BULL,1.764
2023-09-04 00:00:00+05:30,BEAR,OAR,BULL,TR,0.278
2023-09-05 00:00:00+05:30,BULL,OIM,TR,BEAR,-1.811
2023-09-06 00:00:00+05:30,TR,OBR,TR,BULL,3.183
2023-09-07 00:00:00+05:30,BULL,OIM,TR,BEAR,-1.854
2023-09-08 00:00:00+05:30,TR,OIM,TR,TR,0.079
2023-09-11 00:00:00+05:30,BEAR,OAR,TR,BEAR,-1.125
2023-09-12 00:00:00+05:30,BEAR,OOL,BEAR,BEAR,-1.509
2023-09-13 00:00:00+05:30,BEAR,OIM,BEAR,BEAR,-1.678
2023-09-14 00:00:00+05:30,BULL,OIM,TR,TR,-0.554
2023-09-15 00:00:00+05:30,TR,OOH,TR,BEAR,-0.825
2023-09-18 00:00:00+05:30,BEAR,OIM,BEAR,BEAR,-2.244
2023-09-20 00:00:00+05:30,TR,OBR,BEAR,TR,-0.109
2023-09-21 00:00:00+05:30,BULL,OIM,TR,BEAR,-2.65
2023-09-22 00:00:00+05:30,BULL,OOL,TR,BEAR,-1.043
2023-09-25 00:00:00+05:30,TR,OIM,TR,TR,0.0
2023-09-26 00:00:00+05:30,BEAR,OAR,TR,TR,0.13
2023-09-27 00:00:00+05:30,BEAR,OOH,TR,BEAR,-0.742
2023-09-28 00:00:00+05:30,BEAR,OOL,BEAR,BEAR,-0.902
2023-09-29 00:00:00+05:30,BULL,OOL,BEAR,BULL,2.547
2023-10-03 00:00:00+05:30,TR,OOH,BULL,TR,-0.086
2023-10-04 00:00:00+05:30,TR,OBR,TR,BEAR,-1.683
2023-10-05 00:00:00+05:30,BEAR,OIM,BEAR,TR,0.511
2023-10-06 00:00:00+05:30,TR,OIM,TR,TR,-0.596
2023-10-09 00:00:00+05:30,TR,OBR,TR,TR,-0.588
2023-10-10 00:00:00+05:30,BULL,OIM,BEAR,BEAR,-1.721
2023-10-11 00:00:00+05:30,TR,OIM,TR,TR,-0.516
2023-10-12 00:00:00+05:30,BEAR,OOH,BULL,TR,-0.066
2023-10-13 00:00:00+05:30,TR,OBR,BEAR,BULL,0.604
2023-10-16 00:00:00+05:30,TR,OOH,TR,TR,0.178
2023-10-17 00:00:00+05:30,BEAR,OAR,TR,BEAR,-2.686
2023-10-18 00:00:00+05:30,TR,OOL,BEAR,BEAR,-1.796
2023-10-19 00:00:00+05:30,BEAR,OOL,BEAR,BULL,1.156
2023-10-20 00:00:00+05:30,BULL,OOH,TR,BEAR,-0.602
2023-10-23 00:00:00+05:30,BEAR,OOL,TR,BEAR,-2.211
2023-10-25 00:00:00+05:30,BULL,OOL,BEAR,TR,-0.261
2023-10-26 00:00:00+05:30,BEAR,OOL,BULL,BULL,3.361
2023-10-27 00:00:00+05:30,BEAR,OAR,BULL,TR,0.252
2023-10-30 00:00:00+05:30,BEAR,OOH,BULL,BEAR,-1.968
2023-10-31 00:00:00+05:30,BEAR,OIM,BEAR,TR,-0.387
2023-11-01 00:00:00+05:30,BULL,OOL,BEAR,BEAR,-1.415
2023-11-02 00:00:00+05:30,TR,OIM,TR,TR,-0.161
2023-11-03 00:00:00+05:30,TR,OOH,BEAR,TR,0.046
2023-11-06 00:00:00+05:30,BEAR,OOH,TR,TR,-0.298
2023-11-07 00:00:00+05:30,TR,OOL,BEAR,TR,-0.253
2023-11-08 00:00:00+05:30,BEAR,OIM,TR,BEAR,-1.337
2023-11-09 00:00:00+05:30,TR,OOL,BEAR,TR,0.116
2023-11-10 00:00:00+05:30,TR,OOL,TR,BULL,2.786
2023-11-12 00:00:00+05:30,TR,OAR,BULL,TR,0.0
2023-11-13 00:00:00+05:30,TR,OBR,TR,TR,0.404
2023-11-15 00:00:00+05:30,BEAR,OAR,TR,TR,-0.311
2023-11-16 00:00:00+05:30,BEAR,OIM,BEAR,TR,0.536
2023-11-17 00:00:00+05:30,BEAR,OIM,TR,BEAR,-0.831
2023-11-20 00:00:00+05:30,BEAR,OOL,BEAR,BEAR,-0.758
2023-11-21 00:00:00+05:30,BULL,OIM,BEAR,TR,0.433
2023-11-22 00:00:00+05:30,BULL,OIM,TR,TR,0.593
2023-11-23 00:00:00+05:30,BEAR,OOH,BULL,TR,0.068
2023-11-24 00:00:00+05:30,TR,OIM,TR,BULL,1.787
2023-11-28 00:00:00+05:30,BULL,OAR,BULL,BEAR,-1.786
2023-11-29 00:00:00+05:30,TR,OIM,TR,BEAR,-0.703
2023-11-30 00:00:00+05:30,BEAR,OIM,BEAR,BULL,1.691
2023-12-01 00:00:00+05:30,BEAR,OOH,BULL,BEAR,-2.065
2023-12-04 00:00:00+05:30,BEAR,OOH,BEAR,TR,0.393
2023-12-05 00:00:00+05:30,TR,OOH,TR,BULL,4.803
2023-12-06 00:00:00+05:30,BULL,OOH,BULL,TR,-0.182
2023-12-07 00:00:00+05:30,TR,OIM,TR,TR,-0.02
2023-12-08 00:00:00+05:30,BEAR,OIM,TR,BEAR,-0.932
2023-12-11 00:00:00+05:30,TR,OIM,TR,TR,-0.081
2023-12-12 00:00:00+05:30,BEAR,OOH,TR,BEAR,-2.155
2023-12-13 00:00:00+05:30,BEAR,OIM,BEAR,TR,-0.56
2023-12-14 00:00:00+05:30,BULL,OAR,TR,BEAR,-1.85
2023-12-15 00:00:00+05:30,TR,OIM,BEAR,BEAR,-0.752
2023-12-18 00:00:00+05:30,TR,OOH,TR,TR,-0.063
2023-12-19 00:00:00+05:30,BEAR,OIM,TR,BEAR,-0.625
2023-12-20 00:00:00+05:30,BULL,OIM,BEAR,BEAR,-3.27
2023-12-21 00:00:00+05:30,BULL,OOL,TR,BULL,1.019
2023-12-22 00:00:00+05:30,TR,OAR,BULL,BEAR,-0.962
2023-12-26 00:00:00+05:30,TR,OIM,TR,BEAR,-0.676
2023-12-27 00:00:00+05:30,TR,OIM,BEAR,BEAR,-0.657
2023-12-28 00:00:00+05:30,TR,OIM,BEAR,BEAR,-0.871
2023-12-29 00:00:00+05:30,TR,OIM,TR,TR,-0.555
2024-01-01 00:00:00+05:30,BULL,OIM,TR,TR,0.149
2024-01-02 00:00:00+05:30,TR,OIM,TR,TR,-0.106
2024-01-03 00:00:00+05:30,BEAR,OOH,TR,TR,0.064
2024-01-04 00:00:00+05:30,BEAR,OAR,TR,BULL,1.727
2024-01-05 00:00:00+05:30,BULL,OAR,TR,BEAR,-1.338
2024-01-08 00:00:00+05:30,BEAR,OOH,TR,TR,-0.165
2024-01-09 00:00:00+05:30,BEAR,OIM,BEAR,TR,-0.206
2024-01-10 00:00:00+05:30,BEAR,OOL,BEAR,TR,0.083
2024-01-11 00:00:00+05:30,TR,OAR,TR,BULL,3.977
2024-01-12 00:00:00+05:30,BEAR,OAR,BULL,TR,-0.176
2024-01-15 00:00:00+05:30,TR,OOH,TR,BULL,2.274
2024-01-16 00:00:00+05:30,BULL,OBR,BULL,BEAR,-2.429
2024-01-17 00:00:00+05:30,TR,OOL,TR,BEAR,-1.502
2024-01-18 00:00:00+05:30,BEAR,OOL,BEAR,TR,-0.164
2024-01-19 00:00:00+05:30,TR,OOH,TR,TR,0.142
2024-01-20 00:00:00+05:30,BEAR,OOH,TR,BEAR,-0.625
2024-01-23 00:00:00+05:30,BEAR,OIM,TR,BEAR,-1.634
2024-01-24 00:00:00+05:30,TR,OOL,BEAR,TR,-0.167
2024-01-25 00:00:00+05:30,BULL,OOH,TR,BEAR,-0.826
2024-01-29 00:00:00+05:30,BULL,OOH,TR,BULL,3.42
2024-01-30 00:00:00+05:30,TR,OOH,BULL,BEAR,-2.017
2024-01-31 00:00:00+05:30,BULL,OOL,BEAR,BEAR,-0.859
2024-02-01 00:00:00+05:30,BULL,OAR,TR,TR,-0.158
2024-02-02 00:00:00+05:30,TR,OIM,TR,TR,0.217
2024-02-05 00:00:00+05:30,TR,OOH,TR,BULL,12.225
2024-02-06 00:00:00+05:30,TR,OOH,BULL,BEAR,-1.587
2024-02-07 00:00:00+05:30,BEAR,OIM,BEAR,BEAR,-1.049
2024-02-08 00:00:00+05:30,BEAR,OIM,BEAR,BEAR,-1.701
2024-02-09 00:00:00+05:30,TR,OOL,BEAR,BULL,1.644
2024-02-12 00:00:00+05:30,TR,OOH,BULL,BEAR,-2.766
2024-02-13 00:00:00+05:30,BEAR,OOL,TR,BULL,1.651
2024-02-14 00:00:00+05:30,BEAR,OIM,TR,BULL,1.256
2024-02-15 00:00:00+05:30,BEAR,OOH,TR,TR,0.091
2024-02-16 00:00:00+05:30,BEAR,OIM,TR,BEAR,-0.729
2024-02-19 00:00:00+05:30,TR,OIM,BEAR,TR,-0.4
2024-02-20 00:00:00+05:30,BULL,OIM,TR,BULL,1.132
2024-02-21 00:00:00+05:30,BULL,OIM,TR,BULL,0.85
2024-02-22 00:00:00+05:30,BULL,OOH,TR,TR,0.587
2024-02-23 00:00:00+05:30,BULL,OAR,BULL,BULL,3.257
2024-02-26 00:00:00+05:30,BEAR,OOH,BULL,BEAR,-2.021
2024-02-27 00:00:00+05:30,BULL,OOL,BEAR,BEAR,-4.083
2024-02-28 00:00:00+05:30,BEAR,OOL,BEAR,BEAR,-2.593
2024-02-29 00:00:00+05:30,TR,OIM,BEAR,BEAR,-2.071
2024-03-01 00:00:00+05:30,BULL,OIM,TR,BULL,0.969
2024-03-02 00:00:00+05:30,BULL,OOH,TR,BULL,0.967
2024-03-04 00:00:00+05:30,BEAR,OAR,BULL,TR,0.544
2024-03-05 00:00:00+05:30,TR,OIM,BEAR,BEAR,-1.489
2024-03-06 00:00:00+05:30,BULL,OIM,TR,BEAR,-1.374
2024-03-07 00:00:00+05:30,BEAR,OIM,TR,BULL,2.544
2024-03-11 00:00:00+05:30,BULL,OOH,TR,BULL,2.565
2024-03-12 00:00:00+05:30,BULL,OAR,BULL,BEAR,-1.654
2024-03-13 00:00:00+05:30,BEAR,OIM,TR,BEAR,-5.274
2024-03-14 00:00:00+05:30,TR,OOL,BEAR,BULL,2.157
2024-03-15 00:00:00+05:30,BULL,OOH,BULL,TR,0.336
2024-03-18 00:00:00+05:30,BULL,OOH,BULL,TR,-0.127
2024-03-19 00:00:00+05:30,BULL,OIM,TR,BEAR,-0.605
2024-03-20 00:00:00+05:30,BEAR,OIM,TR,BEAR,-3.47
2024-03-21 00:00:00+05:30,TR,OIM,BEAR,BEAR,-0.962
2024-03-22 00:00:00+05:30,BULL,OOL,TR,TR,0.511
2024-03-26 00:00:00+05:30,TR,OOH,BULL,TR,-0.359
2024-03-27 00:00:00+05:30,BULL,OIM,TR,TR,-0.085
2024-03-28 00:00:00+05:30,BEAR,OOH,TR,TR,0.17
2024-04-01 00:00:00+05:30,TR,OOH,TR,BEAR,-1.122
2024-04-02 00:00:00+05:30,TR,OIM,TR,BEAR,-1.356
2024-04-03 00:00:00+05:30,BULL,OOL,TR,TR,-0.056
2024-04-04 00:00:00+05:30,BULL,OOH,TR,TR,-0.235
2024-04-05 00:00:00+05:30,BULL,OIM,TR,BULL,2.287
2024-04-08 00:00:00+05:30,TR,OAR,BULL,BEAR,-1.82
2024-04-09 00:00:00+05:30,BULL,OIM,BEAR,BEAR,-1.302
2024-04-10 00:00:00+05:30,BULL,OIM,TR,TR,-0.108
2024-04-12 00:00:00+05:30,TR,OIM,TR,TR,-0.04
2024-04-15 00:00:00+05:30,BEAR,OBR,TR,TR,0.511
2024-04-16 00:00:00+05:30,TR,OAR,BEAR,BEAR,-1.536
2024-04-18 00:00:00+05:30,TR,OOH,TR,BEAR,-0.619
2024-04-19 00:00:00+05:30,TR,OIM,BULL,BEAR,-1.107
2024-04-22 00:00:00+05:30,TR,OOH,BEAR,BULL,1.029
2024-04-23 00:00:00+05:30,BULL,OAR,BULL,TR,-0.282
2024-04-24 00:00:00+05:30,BEAR,OIM,TR,BEAR,-1.498
2024-04-25 00:00:00+05:30,BULL,OOL,BEAR,BEAR,-0.817
2024-04-26 00:00:00+05:30,TR,OIM,TR,TR,-0.105
2024-04-29 00:00:00+05:30,BEAR,OOH,TR,TR,-0.497
2024-04-30 00:00:00+05:30,TR,OIM,TR,TR,-0.25
2024-05-02 00:00:00+05:30,TR,OOL,BEAR,BULL,1.294
2024-05-03 00:00:00+05:30,BULL,OOH,TR,BEAR,-2.184
2024-05-06 00:00:00+05:30,BEAR,OIM,TR,BEAR,-0.63
2024-05-07 00:00:00+05:30,TR,OOL,BEAR,BEAR,-2.446
2024-05-08 00:00:00+05:30,BULL,OOL,BEAR,BEAR,-1.251
2024-05-09 00:00:00+05:30,BEAR,OIM,TR,BEAR,-1.353
2024-05-10 00:00:00+05:30,BEAR,OOL,BEAR,BULL,2.93
2024-05-13 00:00:00+05:30,BEAR,OOH,TR,TR,-0.307
2024-05-14 00:00:00+05:30,BEAR,OIM,TR,BULL,2.341
2024-05-15 00:00:00+05:30,BULL,OAR,BULL,TR,-0.296
2024-05-16 00:00:00+05:30,TR,OIM,TR,TR,-0.197
2024-05-17 00:00:00+05:30,TR,OIM,TR,TR,0.225
2024-05-18 00:00:00+05:30,BULL,OOH,TR,TR,-0.083
2024-05-21 00:00:00+05:30,TR,OIM,BULL,TR,-0.569
2024-05-22 00:00:00+05:30,BEAR,OIM,BEAR,TR,0.0
2024-05-23 00:00:00+05:30,BULL,OIM,TR,BULL,1.913
2024-05-24 00:00:00+05:30,BEAR,OIM,TR,TR,0.068
2024-05-27 00:00:00+05:30,BEAR,OIM,BEAR,BEAR,-1.624
2024-05-28 00:00:00+05:30,BEAR,OOL,BEAR,TR,-0.279
2024-05-29 00:00:00+05:30,TR,OBR,BEAR,BEAR,-0.963
2024-05-30 00:00:00+05:30,BULL,OOL,BEAR,TR,-0.244
2024-05-31 00:00:00+05:30,BEAR,OAR,TR,BEAR,-0.935
2024-06-03 00:00:00+05:30,BEAR,OAR,BEAR,TR,-0.098
2024-06-04 00:00:00+05:30,TR,OOL,BEAR,BEAR,-3.877
2024-06-05 00:00:00+05:30,BEAR,OIM,TR,BULL,2.001
2024-06-06 00:00:00+05:30,TR,OAR,TR,TR,-0.286
2024-06-07 00:00:00+05:30,TR,OIM,TR,TR,0.314
2024-06-10 00:00:00+05:30,BEAR,OOH,BULL,TR,-0.525
2024-06-11 00:00:00+05:30,TR,OIM,BEAR,TR,0.114
2024-06-12 00:00:00+05:30,BULL,OIM,TR,BULL,1.512
2024-06-13 00:00:00+05:30,BEAR,OAR,BULL,TR,-0.263
2024-06-14 00:00:00+05:30,BEAR,OIM,TR,TR,-0.571
2024-06-18 00:00:00+05:30,TR,OIM,BEAR,BULL,1.016
2024-06-19 00:00:00+05:30,BEAR,OOH,BULL,TR,-0.458
2024-06-20 00:00:00+05:30,BULL,OOL,BEAR,TR,-0.464
2024-06-21 00:00:00+05:30,BEAR,OOH,BULL,BEAR,-0.768
2024-06-24 00:00:00+05:30,BEAR,OBR,BEAR,BULL,0.722
2024-06-25 00:00:00+05:30,TR,OAR,TR,TR,0.489
2024-06-26 00:00:00+05:30,BEAR,OIM,TR,TR,0.155
2024-06-27 00:00:00+05:30,TR,OIM,TR,TR,-0.38
2024-06-28 00:00:00+05:30,BULL,OOH,TR,TR,0.294
2024-07-01 00:00:00+05:30,BEAR,OIM,TR,TR,-0.24
2024-07-02 00:00:00+05:30,TR,OOL,BEAR,TR,-0.312
2024-07-03 00:00:00+05:30,TR,OIM,TR,TR,-0.551
2024-07-04 00:00:00+05:30,BULL,OIM,TR,BEAR,-1.378
2024-07-05 00:00:00+05:30,TR,OOL,TR,TR,0.199
2024-07-08 00:00:00+05:30,BEAR,OIM,TR,BEAR,-0.654
2024-07-09 00:00:00+05:30,BULL,OOL,BEAR,TR,-0.299
2024-07-10 00:00:00+05:30,TR,OIM,TR,BEAR,-0.628
2024-07-11 00:00:00+05:30,BEAR,OOH,TR,TR,-0.043
2024-07-12 00:00:00+05:30,BEAR,OAR,TR,TR,-0.581
2024-07-15 00:00:00+05:30,BEAR,OIM,BEAR,BULL,1.063
2024-07-16 00:00:00+05:30,TR,OBR,TR,BEAR,-1.119
2024-07-18 00:00:00+05:30,BEAR,OIM,BEAR,BEAR,-0.764
2024-07-19 00:00:00+05:30,TR,OOL,BEAR,BULL,0.924
2024-07-22 00:00:00+05:30,BULL,OIM,TR,BULL,0.796
2024-07-23 00:00:00+05:30,BEAR,OOH,TR,BEAR,-1.528
2024-07-24 00:00:00+05:30,TR,OIM,TR,TR,-0.179
2024-07-25 00:00:00+05:30,BEAR,OBR,TR,BEAR,-0.663
2024-07-26 00:00:00+05:30,BULL,OIM,BEAR,TR,-0.569
2024-07-29 00:00:00+05:30,BULL,OIM,TR,BEAR,-1.167
2024-07-30 00:00:00+05:30,TR,OOL,BEAR,TR,-0.242
2024-07-31 00:00:00+05:30,BULL,OOL,TR,TR,-0.363
2024-08-01 00:00:00+05:30,BULL,OIM,TR,TR,-0.469
2024-08-02 00:00:00+05:30,TR,OBR,TR,TR,-0.199
2024-08-05 00:00:00+05:30,BULL,OBR,TR,BEAR,-0.642
2024-08-06 00:00:00+05:30,TR,OOL,TR,BEAR,-2.496
2024-08-07 00:00:00+05:30,TR,OIM,TR,BULL,2.635
2024-08-08 00:00:00+05:30,BEAR,OIM,BULL,BEAR,-0.88
2024-08-09 00:00:00+05:30,TR,OOH,TR,BEAR,-1.169
2024-08-12 00:00:00+05:30,BULL,OOL,BEAR,BULL,1.246
2024-08-13 00:00:00+05:30,BULL,OOH,BULL,BEAR,-2.729
2024-08-14 00:00:00+05:30,BEAR,OOL,TR,BEAR,-0.728
2024-08-16 00:00:00+05:30,TR,OIM,BEAR,BULL,1.469
2024-08-19 00:00:00+05:30,BULL,OAR,TR,TR,0.045
2024-08-20 00:00:00+05:30,BULL,OIM,TR,BEAR,-1.308
2024-08-21 00:00:00+05:30,BEAR,OIM,TR,BEAR,-0.882
2024-08-22 00:00:00+05:30,TR,OIM,BEAR,BEAR,-0.872
2024-08-23 00:00:00+05:30,TR,OOL,BEAR,BEAR,-0.968
2024-08-26 00:00:00+05:30,BEAR,OOH,TR,BEAR,-2.222
2024-08-27 00:00:00+05:30,TR,OOL,BEAR,TR,-0.4
2024-08-28 00:00:00+05:30,TR,OAR,TR,BEAR,-1.3
2024-08-29 00:00:00+05:30,BULL,OIM,BEAR,TR,-0.153
2024-08-30 00:00:00+05:30,TR,OIM,TR,BEAR,-2.114
2024-09-02 00:00:00+05:30,BULL,OOL,BEAR,BULL,5.393
2024-09-03 00:00:00+05:30,BEAR,OAR,BULL,BULL,2.9
2024-09-04 00:00:00+05:30,TR,OOL,TR,TR,0.39
2024-09-05 00:00:00+05:30,TR,OOH,TR,BEAR,-0.716
2024-09-06 00:00:00+05:30,BEAR,OOL,BEAR,BEAR,-1.821
2024-09-09 00:00:00+05:30,BEAR,OOL,BEAR,BULL,0.613
2024-09-10 00:00:00+05:30,BULL,OOH,TR,BULL,1.521
2024-09-11 00:00:00+05:30,BULL,OIM,TR,BEAR,-2.447
2024-09-12 00:00:00+05:30,TR,OOL,BEAR,TR,-0.273
2024-09-13 00:00:00+05:30,TR,OOH,TR,BEAR,-0.898
2024-09-16 00:00:00+05:30,TR,OIM,TR,BEAR,-0.835
2024-09-17 00:00:00+05:30,BEAR,OOL,BEAR,BULL,2.142
2024-09-18 00:00:00+05:30,TR,OIM,TR,TR,-0.586
2024-09-19 00:00:00+05:30,TR,OIM,BEAR,BEAR,-1.274
2024-09-20 00:00:00+05:30,TR,OOH,TR,BULL,0.925
2024-09-23 00:00:00+05:30,TR,OOH,TR,TR,-0.014
2024-09-24 00:00:00+05:30,BULL,OOL,TR,BEAR,-0.635
2024-09-25 00:00:00+05:30,BEAR,OIM,TR,TR,0.541
2024-09-26 00:00:00+05:30,BEAR,OIM,TR,TR,0.057
2024-09-27 00:00:00+05:30,BEAR,OOL,BEAR,BULL,2.916
2024-09-30 00:00:00+05:30,BEAR,OIM,TR,BEAR,-0.834
2024-10-01 00:00:00+05:30,BEAR,OOL,BEAR,TR,0.199
2024-10-03 00:00:00+05:30,BULL,OBR,TR,BEAR,-1.592
2024-10-04 00:00:00+05:30,TR,OIM,TR,TR,-0.088
2024-10-07 00:00:00+05:30,BEAR,OAR,BEAR,BEAR,-1.963
2024-10-08 00:00:00+05:30,TR,OOL,BEAR,BULL,3.266
2024-10-09 00:00:00+05:30,TR,OOH,BULL,TR,-0.29
2024-10-10 00:00:00+05:30,TR,OIM,BEAR,TR,-0.145
2024-10-11 00:00:00+05:30,TR,OOL,TR,TR,0.0
2024-10-14 00:00:00+05:30,BEAR,OIM,BEAR,TR,-0.468
2024-10-15 00:00:00+05:30,BEAR,OIM,BEAR,TR,-0.546
2024-10-16 00:00:00+05:30,TR,OOL,BEAR,BEAR,-0.992
2024-10-17 00:00:00+05:30,BEAR,OIM,BEAR,BEAR,-0.887
2024-10-18 00:00:00+05:30,BULL,OOL,BEAR,TR,0.228
2024-10-21 00:00:00+05:30,BEAR,OAR,TR,BEAR,-0.937
2024-10-22 00:00:00+05:30,BEAR,OOL,BEAR,BEAR,-2.612
2024-10-23 00:00:00+05:30,TR,OOL,BEAR,TR,0.016
2024-10-24 00:00:00+05:30,TR,OOL,TR,TR,0.286
2024-10-25 00:00:00+05:30,BEAR,OOH,TR,BEAR,-0.704
2024-10-28 00:00:00+05:30,BEAR,OOH,TR,BULL,1.359
2024-10-29 00:00:00+05:30,TR,OOH,TR,BULL,2.767
2024-10-30 00:00:00+05:30,BEAR,OOH,BULL,BEAR,-0.866
2024-10-31 00:00:00+05:30,BULL,OOL,BEAR,TR,0.592
2024-11-01 00:00:00+05:30,TR,OAR,TR,TR,0.0
2024-11-04 00:00:00+05:30,BEAR,OOH,TR,BEAR,-0.989
2024-11-05 00:00:00+05:30,TR,OOL,BEAR,TR,0.578
2024-11-06 00:00:00+05:30,TR,OOH,TR,BULL,0.663
2024-11-07 00:00:00+05:30,BEAR,OOH,BULL,BEAR,-1.028
2024-11-08 00:00:00+05:30,BEAR,OOL,BEAR,BEAR,-0.783
2024-11-11 00:00:00+05:30,TR,OBR,BEAR,TR,-0.159
2024-11-12 00:00:00+05:30,BULL,OOL,TR,BEAR,-1.399
2024-11-13 00:00:00+05:30,BEAR,OOL,TR,BEAR,-1.53
2024-11-14 00:00:00+05:30,BULL,OIM,BEAR,BULL,1.987
2024-11-18 00:00:00+05:30,BEAR,OOH,BULL,BULL,1.143
2024-11-19 00:00:00+05:30,TR,OIM,TR,TR,-0.125
2024-11-21 00:00:00+05:30,TR,OBR,TR,TR,-0.048
2024-11-22 00:00:00+05:30,TR,OOL,BEAR,TR,-0.064
2024-11-25 00:00:00+05:30,BULL,OAR,TR,BULL,1.184
2024-11-26 00:00:00+05:30,BULL,OIM,TR,TR,0.54
2024-11-27 00:00:00+05:30,TR,OOH,BULL,BULL,1.341
2024-11-28 00:00:00+05:30,TR,OIM,TR,BEAR,-1.032
2024-11-29 00:00:00+05:30,BULL,OOL,BEAR,BEAR,-0.769
2024-12-02 00:00:00+05:30,BULL,OOL,TR,TR,0.549
2024-12-03 00:00:00+05:30,BULL,OAR,BULL,BULL,1.527
2024-12-04 00:00:00+05:30,TR,OOH,BULL,BULL,0.862
2024-12-05 00:00:00+05:30,BEAR,OOH,TR,BEAR,-0.841
2024-12-06 00:00:00+05:30,BEAR,OIM,BEAR,TR,-0.367
2024-12-09 00:00:00+05:30,BEAR,OOL,BEAR,TR,-0.133
2024-12-10 00:00:00+05:30,TR,OOL,BEAR,TR,-0.193
2024-12-11 00:00:00+05:30,TR,OOL,BEAR,BULL,2.401
2024-12-12 00:00:00+05:30,BEAR,OOH,BULL,BEAR,-1.445
2024-12-13 00:00:00+05:30,BEAR,OBR,BEAR,BULL,1.751
2024-12-16 00:00:00+05:30,BULL,OOH,TR,TR,-0.234
2024-12-17 00:00:00+05:30,TR,OOL,TR,BEAR,-0.736
2024-12-18 00:00:00+05:30,BEAR,OOL,BEAR,BEAR,-2.92
2024-12-19 00:00:00+05:30,BULL,OBR,BEAR,BEAR,-1.853
2024-12-20 00:00:00+05:30,TR,OIM,BEAR,BEAR,-2.707
2024-12-23 00:00:00+05:30,BEAR,OIM,BEAR,TR,-0.507
2024-12-24 00:00:00+05:30,BULL,OIM,TR,TR,-0.164
2024-12-26 00:00:00+05:30,BEAR,OIM,TR,BULL,0.658
2024-12-27 00:00:00+05:30,TR,OOH,TR,TR,-0.343
2024-12-30 00:00:00+05:30,TR,OOL,TR,TR,0.049
2024-12-31 00:00:00+05:30,BEAR,OIM,TR,TR,-0.516
2025-01-01 00:00:00+05:30,BULL,OIM,BEAR,TR,0.016
2025-01-02 00:00:00+05:30,TR,OOH,BULL,TR,0.049
2025-01-03 00:00:00+05:30,BEAR,OOH,TR,TR,0.458
2025-01-06 00:00:00+05:30,BEAR,OIM,TR,BEAR,-1.96
2025-01-07 00:00:00+05:30,BULL,OOL,BEAR,TR,-0.266
2025-01-08 00:00:00+05:30,TR,OOH,TR,TR,0.168
2025-01-09 00:00:00+05:30,BULL,OIM,TR,BEAR,-2.593
2025-01-10 00:00:00+05:30,BEAR,OOL,BEAR,BEAR,-1.733
2025-01-13 00:00:00+05:30,BEAR,OBR,BEAR,BEAR,-1.843
2025-01-14 00:00:00+05:30,TR,OOL,BEAR,BULL,2.118
2025-01-15 00:00:00+05:30,TR,OAR,BULL,TR,-0.055
2025-01-16 00:00:00+05:30,TR,OAR,TR,TR,0.453
2025-01-17 00:00:00+05:30,BEAR,OAR,TR,TR,0.306
2025-01-20 00:00:00+05:30,BEAR,OOH,TR,BULL,1.23
2025-01-21 00:00:00+05:30,TR,OIM,TR,BEAR,-6.122
2025-01-22 00:00:00+05:30,BEAR,OOL,BEAR,BULL,0.652
2025-01-23 00:00:00+05:30,BULL,OOH,TR,BEAR,-3.041
2025-01-24 00:00:00+05:30,BEAR,OOL,BEAR,BEAR,-3.067
2025-01-27 00:00:00+05:30,BEAR,OBR,BEAR,BEAR,-0.954
2025-01-28 00:00:00+05:30,BEAR,OIM,BEAR,TR,-0.384
2025-01-29 00:00:00+05:30,BULL,OIM,TR,TR,0.042
2025-01-30 00:00:00+05:30,TR,OOH,BULL,BEAR,-2.024
2025-01-31 00:00:00+05:30,BULL,OIM,BEAR,BULL,1.049
2025-02-01 00:00:00+05:30,BULL,OAR,BULL,BEAR,-0.721
2025-02-03 00:00:00+05:30,TR,OBR,TR,BEAR,-1.227
2025-02-04 00:00:00+05:30,BULL,OIM,BEAR,BULL,2.831
2025-02-05 00:00:00+05:30,BULL,OOH,BULL,BEAR,-1.511
2025-02-06 00:00:00+05:30,TR,OOH,TR,TR,-0.148
2025-02-07 00:00:00+05:30,BULL,OBR,TR,TR,-0.048
2025-02-10 00:00:00+05:30,BEAR,OIM,TR,BEAR,-1.495
2025-02-11 00:00:00+05:30,BEAR,OBR,BEAR,BEAR,-1.754
2025-02-12 00:00:00+05:30,BEAR,OBR,BEAR,TR,0.0
2025-02-13 00:00:00+05:30,BULL,OIM,TR,BEAR,-0.782
2025-02-14 00:00:00+05:30,BEAR,OIM,TR,BEAR,-1.785
2025-02-17 00:00:00+05:30,TR,OOL,BEAR,TR,0.194
2025-02-18 00:00:00+05:30,BEAR,OOH,TR,TR,0.104
2025-02-19 00:00:00+05:30,BULL,OIM,TR,BULL,1.862
2025-02-20 00:00:00+05:30,BULL,OOH,BULL,BULL,1.898
2025-02-21 00:00:00+05:30,TR,OAR,BULL,BEAR,-1.914
2025-02-24 00:00:00+05:30,BEAR,OBR,BEAR,BEAR,-0.824
2025-02-25 00:00:00+05:30,BULL,OOL,TR,BEAR,-2.134
2025-02-27 00:00:00+05:30,BEAR,OOL,BEAR,BEAR,-0.871
2025-02-28 00:00:00+05:30,BEAR,OBR,BEAR,BEAR,-3.665
2025-03-03 00:00:00+05:30,BEAR,OOL,BEAR,BEAR,-2.078
2025-03-04 00:00:00+05:30,BULL,OOL,BEAR,BULL,2.196
2025-03-05 00:00:00+05:30,BULL,OOH,BULL,BULL,1.453
2025-03-06 00:00:00+05:30,TR,OAR,BULL,TR,-0.168
2025-03-07 00:00:00+05:30,BULL,OIM,BEAR,TR,-0.077
2025-03-10 00:00:00+05:30,BEAR,OIM,TR,BEAR,-1.428
2025-03-11 00:00:00+05:30,TR,OBR,BEAR,BULL,0.672
2025-03-12 00:00:00+05:30,BULL,OAR,BULL,BULL,2.494
2025-03-13 00:00:00+05:30,BEAR,OAR,BULL,BEAR,-2.598
2025-03-17 00:00:00+05:30,BEAR,OOL,BEAR,BEAR,-1.607
2025-03-18 00:00:00+05:30,BULL,OIM,BEAR,BULL,1.454
2025-03-19 00:00:00+05:30,BULL,OAR,BULL,BULL,0.969
2025-03-20 00:00:00+05:30,BULL,OOH,TR,TR,0.195
2025-03-21 00:00:00+05:30,BULL,OIM,TR,BEAR,-2.218
2025-03-24 00:00:00+05:30,TR,OIM,TR,BULL,0.775
2025-03-25 00:00:00+05:30,TR,OOH,TR,BEAR,-1.937
2025-03-26 00:00:00+05:30,BEAR,OOL,BEAR,BEAR,-1.5
2025-03-27 00:00:00+05:30,BULL,OOL,BEAR,TR,-0.283
2025-03-28 00:00:00+05:30,TR,OOH,TR,TR,0.0
2025-04-01 00:00:00+05:30,BULL,OOL,TR,BULL,0.709
2025-04-02 00:00:00+05:30,BEAR,OOH,BULL,BULL,0.711
2025-04-03 00:00:00+05:30,BULL,OOL,TR,TR,0.577
2025-04-04 00:00:00+05:30,BEAR,OIM,BULL,BEAR,-2.358
2025-04-07 00:00:00+05:30,BULL,OBR,BEAR,BULL,1.49
2025-04-08 00:00:00+05:30,BEAR,OAR,BULL,BULL,2.888
2025-04-09 00:00:00+05:30,BEAR,OOH,BULL,BULL,0.652
2025-04-11 00:00:00+05:30,TR,OAR,TR,BULL,1.153
2025-04-15 00:00:00+05:30,BEAR,OAR,BULL,BULL,2.01
2025-04-16 00:00:00+05:30,BULL,OOH,BULL,TR,0.493
2025-04-17 00:00:00+05:30,BEAR,OAR,BULL,BULL,3.15
2025-04-21 00:00:00+05:30,BEAR,OAR,TR,TR,-0.359
2025-04-22 00:00:00+05:30,TR,OOL,BEAR,BULL,2.146
2025-04-23 00:00:00+05:30,BULL,OAR,BULL,BULL,0.726
2025-04-24 00:00:00+05:30,TR,OOH,BULL,TR,0.143
2025-04-25 00:00:00+05:30,BEAR,OIM,TR,BEAR,-1.483
2025-04-28 00:00:00+05:30,BULL,OOL,BEAR,TR,0.448
2025-04-29 00:00:00+05:30,BEAR,OOH,BULL,TR,-0.12
2025-04-30 00:00:00+05:30,BULL,OOL,TR,BULL,1.076
2025-05-02 00:00:00+05:30,BULL,OOH,TR,BEAR,-1.857
2025-05-05 00:00:00+05:30,TR,OOL,BEAR,TR,0.135
2025-05-06 00:00:00+05:30,BEAR,OBR,TR,BEAR,-1.564
2025-05-07 00:00:00+05:30,BULL,OBR,BEAR,BULL,1.145
2025-05-08 00:00:00+05:30,TR,OOH,BULL,BEAR,-1.29
2025-05-09 00:00:00+05:30,TR,OBR,BEAR,TR,0.222
2025-05-12 00:00:00+05:30,BULL,OAR,BULL,BULL,0.748
2025-05-13 00:00:00+05:30,BULL,OOH,BULL,BULL,0.773
2025-05-14 00:00:00+05:30,TR,OOH,BULL,TR,-0.019
2025-05-15 00:00:00+05:30,BEAR,OIM,TR,BULL,2.213
2025-05-16 00:00:00+05:30,TR,OOH,BULL,BULL,0.946
2025-05-19 00:00:00+05:30,TR,OOH,TR,TR,0.362
2025-05-20 00:00:00+05:30,BEAR,OIM,TR,BEAR,-1.235
2025-05-21 00:00:00+05:30,BULL,OOL,BEAR,BULL,0.716
2025-05-22 00:00:00+05:30,BULL,OOH,BULL,TR,-0.561
2025-05-23 00:00:00+05:30,BULL,OIM,TR,BULL,1.897
2025-05-26 00:00:00+05:30,BULL,OOH,BULL,BEAR,-0.949
2025-05-27 00:00:00+05:30,TR,OBR,TR,BULL,3.672
2025-05-28 00:00:00+05:30,BEAR,OAR,BULL,BEAR,-1.273
2025-05-29 00:00:00+05:30,BEAR,OOL,BEAR,TR,-0.017
2025-05-30 00:00:00+05:30,BULL,OIM,TR,BEAR,-0.949
2025-06-02 00:00:00+05:30,BULL,OOL,TR,TR,0.21
2025-06-03 00:00:00+05:30,BEAR,OOH,TR,BEAR,-0.785
2025-06-04 00:00:00+05:30,TR,OOL,BEAR,BULL,2.075
2025-06-05 00:00:00+05:30,TR,OAR,BULL,TR,-0.034
2025-06-06 00:00:00+05:30,BEAR,OOH,TR,BULL,0.996
2025-06-09 00:00:00+05:30,BULL,OOH,TR,BULL,0.864
2025-06-10 00:00:00+05:30,TR,OAR,BULL,BEAR,-0.802
2025-06-11 00:00:00+05:30,BEAR,OOL,BEAR,BULL,0.999
2025-06-12 00:00:00+05:30,BEAR,OIM,TR,BEAR,-1.741
2025-06-13 00:00:00+05:30,BULL,OBR,BEAR,BULL,0.806
2025-06-16 00:00:00+05:30,BEAR,OOH,BULL,BULL,1.467
2025-06-17 00:00:00+05:30,TR,OAR,TR,BEAR,-1.023
2025-06-18 00:00:00+05:30,BULL,OBR,BEAR,BEAR,-0.859
2025-06-19 00:00:00+05:30,BEAR,OIM,TR,BEAR,-1.214
2025-06-20 00:00:00+05:30,BULL,OOL,BEAR,BULL,2.813
2025-06-23 00:00:00+05:30,TR,OIM,BULL,BULL,0.964
2025-06-24 00:00:00+05:30,BULL,OAR,TR,TR,0.083
2025-06-25 00:00:00+05:30,TR,OOH,TR,TR,0.017
2025-06-26 00:00:00+05:30,BULL,OOH,TR,BULL,0.677
2025-06-27 00:00:00+05:30,TR,OAR,BULL,BULL,2.705
2025-06-30 00:00:00+05:30,BULL,OOH,BULL,BEAR,-1.091
2025-07-01 00:00:00+05:30,BULL,OIM,TR,TR,0.213
2025-07-02 00:00:00+05:30,BEAR,OIM,TR,TR,-0.259
2025-07-03 00:00:00+05:30,BEAR,OIM,BEAR,TR,0.046
2025-07-04 00:00:00+05:30,BULL,OIM,BEAR,TR,0.031
2025-07-07 00:00:00+05:30,TR,OIM,TR,BULL,0.691
2025-07-08 00:00:00+05:30,BEAR,OOH,BULL,TR,0.382
2025-07-09 00:00:00+05:30,BULL,OOH,TR,TR,-0.467
2025-07-10 00:00:00+05:30,BULL,OOL,TR,TR,0.091
2025-07-11 00:00:00+05:30,BEAR,OIM,TR,BEAR,-0.76
2025-07-14 00:00:00+05:30,TR,OOL,BEAR,BEAR,-1.904
2025-07-15 00:00:00+05:30,BEAR,OIM,BEAR,TR,0.359
2025-07-16 00:00:00+05:30,BEAR,OIM,TR,TR,0.016
2025-07-17 00:00:00+05:30,TR,OIM,TR,BEAR,-0.657
2025-07-18 00:00:00+05:30,BEAR,OOH,TR,TR,-0.189
2025-07-21 00:00:00+05:30,BEAR,OIM,TR,TR,0.491
2025-07-22 00:00:00+05:30,BEAR,OIM,TR,BEAR,-1.567
2025-07-23 00:00:00+05:30,TR,OOL,BEAR,TR,0.16
2025-07-24 00:00:00+05:30,BULL,OOH,BULL,TR,-0.079
2025-07-25 00:00:00+05:30,BEAR,OIM,TR,BEAR,-0.749
2025-07-28 00:00:00+05:30,TR,OOL,BEAR,BEAR,-1.204
2025-07-29 00:00:00+05:30,BULL,OBR,TR,BULL,2.723
2025-07-30 00:00:00+05:30,BULL,OAR,BULL,BEAR,-0.682
2025-07-31 00:00:00+05:30,BULL,OBR,BEAR,TR,-0.076
2025-08-01 00:00:00+05:30,TR,OOH,BULL,TR,-0.182
2025-08-04 00:00:00+05:30,BULL,OIM,TR,TR,-0.374
2025-08-05 00:00:00+05:30,TR,OOH,BULL,BEAR,-1.054
2025-08-06 00:00:00+05:30,TR,OOL,TR,BEAR,-1.447
2025-08-07 00:00:00+05:30,BULL,OBR,BEAR,TR,-0.23
2025-08-08 00:00:00+05:30,BEAR,OOH,TR,BEAR,-0.664
2025-08-11 00:00:00+05:30,TR,OOL,BEAR,BULL,1.782
2025-08-12 00:00:00+05:30,BULL,OOH,BULL,TR,-0.532
2025-08-13 00:00:00+05:30,BULL,OIM,TR,TR,0.243
2025-08-14 00:00:00+05:30,BEAR,OIM,TR,TR,-0.198
2025-08-18 00:00:00+05:30,BEAR,OOH,BEAR,BEAR,-0.604
2025-08-19 00:00:00+05:30,BEAR,OIM,TR,TR,0.379
2025-08-20 00:00:00+05:30,TR,OIM,TR,TR,0.183
2025-08-21 00:00:00+05:30,BEAR,OIM,BEAR,BEAR,-1.234
2025-08-22 00:00:00+05:30,BULL,OIM,BEAR,BEAR,-1.018
2025-08-25 00:00:00+05:30,TR,OIM,BEAR,TR,-0.203
2025-08-26 00:00:00+05:30,BEAR,OOL,BEAR,TR,0.222
2025-08-28 00:00:00+05:30,BEAR,OOL,BEAR,TR,-0.418
2025-08-29 00:00:00+05:30,TR,OOL,BEAR,TR,0.144
2025-09-01 00:00:00+05:30,TR,OIM,TR,BULL,1.047
2025-09-02 00:00:00+05:30,BULL,OOH,TR,BEAR,-0.748
2025-09-03 00:00:00+05:30,TR,OOL,BEAR,BULL,0.641
2025-09-04 00:00:00+05:30,BEAR,OAR,BULL,BEAR,-1.434
2025-09-05 00:00:00+05:30,BULL,OOL,BEAR,BEAR,-1.072
2025-09-08 00:00:00+05:30,BULL,OIM,TR,TR,0.096
2025-09-09 00:00:00+05:30,TR,OIM,TR,BEAR,-1.013
2025-09-10 00:00:00+05:30,BULL,OIM,BEAR,TR,-0.577
2025-09-11 00:00:00+05:30,BULL,OOL,TR,TR,-0.512
2025-09-12 00:00:00+05:30,TR,OIM,TR,TR,0.016
2025-09-15 00:00:00+05:30,TR,OIM,TR,BULL,1.27
2025-09-16 00:00:00+05:30,TR,OOH,BULL,TR,-0.332
2025-09-17 00:00:00+05:30,TR,OIM,TR,TR,-0.237
2025-09-18 00:00:00+05:30,TR,OIM,TR,TR,0.332
2025-09-19 00:00:00+05:30,TR,OOH,TR,BEAR,-0.752
2025-09-22 00:00:00+05:30,TR,OOL,TR,BEAR,-1.134
2025-09-23 00:00:00+05:30,BEAR,OOL,BEAR,TR,-0.16
2025-09-24 00:00:00+05:30,BEAR,OOH,TR,BEAR,-1.442
2025-09-25 00:00:00+05:30,TR,OOL,BEAR,BEAR,-1.631
2025-09-26 00:00:00+05:30,BEAR,OBR,BEAR,BEAR,-0.772
2025-09-29 00:00:00+05:30,BULL,OOL,BEAR,BEAR,-1.408
2025-09-30 00:00:00+05:30,TR,OOL,TR,BEAR,-0.946
2025-10-01 00:00:00+05:30,BULL,OIM,TR,BULL,1.628
2025-10-03 00:00:00+05:30,TR,OOH,BULL,TR,0.3
2025-10-06 00:00:00+05:30,BULL,OOH,BULL,TR,0.327
2025-10-07 00:00:00+05:30,BULL,OOH,BULL,TR,0.356
2025-10-08 00:00:00+05:30,TR,OIM,TR,BEAR,-1.694
2025-10-09 00:00:00+05:30,BEAR,OOL,BEAR,TR,0.408
2025-10-10 00:00:00+05:30,BULL,OIM,TR,TR,-0.146
2025-10-13 00:00:00+05:30,TR,OBR,TR,BULL,0.85
2025-10-14 00:00:00+05:30,BEAR,OAR,BULL,BEAR,-1.084
2025-10-15 00:00:00+05:30,BULL,OOL,BEAR,BULL,0.936
2025-10-16 00:00:00+05:30,BEAR,OAR,BULL,TR,0.032
2025-10-17 00:00:00+05:30,BEAR,OOH,TR,TR,-0.097
2025-10-20 00:00:00+05:30,BULL,OOL,BEAR,BEAR,-1.332
2025-10-21 00:00:00+05:30,TR,OIM,TR,TR,-0.016
2025-10-23 00:00:00+05:30,TR,OIM,TR,BEAR,-1.278
2025-10-24 00:00:00+05:30,TR,OOL,BEAR,BEAR,-1.592
2025-10-27 00:00:00+05:30,BULL,OOL,BEAR,BEAR,-0.602
2025-10-28 00:00:00+05:30,BULL,OIM,TR,TR,-0.065
2025-10-29 00:00:00+05:30,BEAR,OOH,BULL,TR,0.194
2025-10-30 00:00:00+05:30,TR,OOH,BULL,TR,-0.257
2025-10-31 00:00:00+05:30,BULL,OBR,TR,BEAR,-1.256
2025-11-03 00:00:00+05:30,TR,OBR,TR,TR,0.426
2025-11-04 00:00:00+05:30,TR,OIM,TR,BEAR,-1.195
2025-11-06 00:00:00+05:30,BULL,OOL,BEAR,BEAR,-1.616
2025-11-07 00:00:00+05:30,BEAR,OBR,BEAR,BULL,1.511
2025-11-10 00:00:00+05:30,TR,OOH,TR,TR,0.265
2025-11-11 00:00:00+05:30,BULL,OBR,TR,BULL,71.288
